Posting_Code,Job_Title,Job_Type,Skill,Description
P1,Senior Data Scientist,data_scientist,"['Machine Learning', 'R', 'Python', 'SQL']","[<ul>
<li>PhD with 1-2+ years of industry experience, or MSc (minimum) and 3-5+ years of industry experience</li>
</ul>, <ul>
<li>an MS or PhD in any mathematical or statistical subject, e.g.: mathematics, statistics, computer science, astrophysics, neuroscience, operations research, economics, any of the physical sciences</li>
<li>strong skills in statistics, probability, and/or machine learning</li>
<li>a track record of performing data science. The tooling/language isn't important. (e.g., numpy, pandas, scikit-learn, R, Julia, etc.)</li>
<li>an excitement and willingness to learn new tools and techniques</li>
<li>experience with relational databases and SQL</li>
<li>relentless resourcefulness and the ability to thrive in a startup -- you're willing to do what needs to be done for the success of your team</li>
<li>the ability to self-regulate and get stuff done with minimal direct supervision</li>
<li>an intense curiosity and need to figure things out</li>
<li>a demonstrated ability to communicate statistical findings visually (i.e., data visualization -- a big plus)</li>
<li>strong communication skills and the ability to work with others in a closely collaborative team environment. We don't need divas -- we value team players.</li>
<li>the ability to take the complex and make it as simple as possible, but not simpler (see Einstein and Occam)</li>
</ul>, <ul>
<li>We're small. You will feel a real sense of ownership over projects, because you might be the only one working on them!</li>
<li>We're growing fast. You will get in on the ground floor of something that's going to be special.</li>
<li>We're funded by the best VCs in the world.</li>
<li>Our founding team is experienced and led the development of one of the top 25 apps in the US appstore (Square Cash). Learn from the best.</li>
<li>Great technology stack. It's fun to work with the best tools and the latest software.</li>
<li>The business makes sense. It's straightforward, provides clear value to both store owners and to makers. You get to help change an entire industry for the better.</li>
<li>It's beautiful. Work on something that's well-designed, following the footsteps of Apple and Square.</li>
<li>We're laid back but work hard. There aren't many rules, other than get the work done. We're at the early stages so you can help shape company we're building.</li>
<li>Competitive compensation, full benefits for you and your family, equal opportunity employer, many perks. It's not why we work here, but we take these things off the table so you can focus on finding meaning and purpose in your work. See our careers page for more information. ( https://www.indigofair.com/jobs )</li>
</ul>, <ul>
<li>VentureBeat: Indigo Fair Raises $12M to Reinvent Wholesale ( https://venturebeat.com/2018/02/22/indigo-fair-raises-12-million-to-reinvent-wholesale-with-ai-powered-marketplace-for-indie-retailers/ )</li>
<li>WSJ: Indigo Fair Collects $12M to Supply Series A to Supply Local Stores ( https://www.wsj.com/articles/indigo-fair-collects-12-million-series-a-to-supply-local-stores-1519343814?mod=searchresults&amp;page=1&amp;pos=1 )</li>
<li>The Decentralization of Retail ( https://medium.com/@max_150/the-decentralization-of-retail-612c16915fc3 )</li>
</ul>]"
P2,"Analyst, Imagery Analytics",data_analyst,"['R', 'Python', 'SQL', 'Tableau']","[<ul><li>Quickly become an expert on internal datasets and serve as the go-to resource in 3D Imagery for any data-related questions
</li><li>Collaborate with 3D Imagery, Exclusive Brands, Pricing, Category, and Merchandising teams to curate datasets and produce analyses that support departmental efforts
</li><li>Support the development of algorithms that optimize the end-to-end 3D supply chain, adjusting them as needed to reflect the quickly-evolving supply chain
</li><li>Partner with Product and Business Intelligence teams to identify changes to internal tools and dashboards that enable teams to make data-driven decisions
</li></ul>, <ul><li>B.A / B.S in quantitative discipline (e.g., Math, Econ, Bio) from top tier school
</li><li>1+ years of Analyst experience preferred; will also consider recent graduates with strong academic performance
</li><li>Experience / familiarity with Excel and SQL are a must; other tools for analyzing data (e.g., Python, Tableau, R) are a plus but not required
</li></ul>, <ul><li>Comfort in analyzing large datasets; able to proactively identify ways to clean messy datasets and wrangle data from multiple sources
</li><li>Able to work on multiple projects simultaneously and pivot quickly as needs change
</li><li>Willingness to work on a highly collaborative team that openly shares challenges and brainstorms as a group on how to solve them
</li></ul>]"
P3,Principal Data Engineer,data_engineer,"['Hadoop', 'Scala', 'Java', 'Spark', 'Python', 'AWS']","[<p><b>Principal Data Engineer</b><br/>
<b>Boston, Massachusetts</b><br/>
<b>$150,000 - $170,000</b></p>, <p><br/>
Are you looking for an interesting opportunity to leverage technology and contribute to improving the affordability and accessibility of healthcare globally? The perfect person for this role is an experienced data engineer who will be a key contributor and problem solver. You will lead engineering initiatives and communicate technical requirements to a team of junior developers.</p>, <p><br/>
<b>
THE COMPANY</b></p>, <p>
Our client is a one of the largest health insurance companies in the United States. They are keen to leverage technology for the purpose of transforming the healthcare insurance space. As the Principal Data Engineer leading the team, you will have autonomy over the business and significant influence on engineering projects moving forward.</p>, <p><br/>
<b>
THE ROLE</b></p>, <p>
This is the perfect role for you if you are a big picture thinker who is keen to solve problems and develop Big Data solutions. You are an excellent communicator and confident presenting technical details to colleagues ranging from junior engineers to senior-level management. This is a very hands-on role with the Engineering team, which is working on an innovative project that contributes to the company's aim to improve the affordability and accessibility of healthcare.<br/>
In particular you can expect to be involved with the following:</p>, <ul><li>
Developing efficient and robust programming in Java</li><li>
Play a leading role in designing and building out Big Data solutions</li><li>
Application and development of cloud architecture and data pipelines</li><li>
Leading the entire build out of backend data structures to support mobile applications</li></ul>, <p><br/>
<b>
YOUR SKILLS AND EXPERIENCE</b></p>, <ul><li>Bachelor's or Master's degree in Computer Science, Engineering, or related technical disciplines</li><li>Very advanced expertise in programming with Java, Python, or Scala</li><li>Highly experienced in Big Data solutions, particularly Hadoop and Spark</li><li>Exposure to cloud computing technologies such as AWS</li></ul>, <p><br/>
<b>
THE BENEFITS</b></p>, <p>
The salary for this role is up to $170,000 depending on your experience. You will be privy to great benefits including an annual bonus, equity, and a fantastic healthcare package.</p>]"
P4,Art & Graphic Design Team Leader,visual art,"['Graphic Design', 'Adobe Photoshop', 'Adobe Illustrator', 'Adobe InDesign', 'Adobe Creative Suite', 'Team Leadership', 'Project Management', 'Visual Merchandising', 'Environmental Graphic Design', 'Print Production', 'Vendor Coordination', 'Branding & Identity', 'Layout Design', 'Video Editing', 'Motion Graphics', 'Creative Strategy']","1. Creative & Design Development

Lead the creation of visual concepts, layouts, and graphic designs for mall campaigns, promotions, events, and tenant collaborations.

Design digital and print materials including posters, banners, social media assets, LED screen visuals, event backdrops, signage, and wayfinding materials.

Ensure all artwork aligns with brand identity, marketing strategy, and mall positioning.

Develop thematic concepts and mood boards for seasonal décor (festive decorations, mall ambience setups, photo spots, etc.).

2. Art & Decoration Management

Oversee the planning and execution of mall-wide décor, installations, and visual merchandising elements.

Coordinate with vendors, decorators, contractors, and event teams to ensure timely and accurate installation of decorations.

Review décor proposals, materials, production samples, and mock-ups to maintain quality and brand adherence.

Conduct on-site checks to ensure setup quality, safety, and visual consistency.

3. Team Leadership & Project Supervision

Manage and mentor a creative team of two designers, ensuring clear work allocation, adherence to timelines, and quality output.

Provide creative guidance, feedback, and daily supervision to enhance team performance.

Conduct design reviews and maintain a high standard of visual output.

Coordinate project workflows and collaborate closely with marketing, events, leasing, and operations teams.

4. Production & Vendor Coordination

Prepare production-ready artwork and liaise with printers and fabricators to ensure accurate color, material, and finishing quality.

Evaluate quotations, compare vendor proposals, and recommend cost-effective options.

Oversee the mall’s inventory of design assets, décor items, and props.

5. Brand & Quality Assurance

Maintain consistency of visual language across all touchpoints.

Ensure compliance with brand guidelines for both mall branding and tenant co-branding.

Continuously improve creative standards by tracking design trends in retail, shopping malls, and lifestyle industries."
